DOI,STATUS
10.1001/jama.2024.10770,present
10.1002/adts.202501393,present
10.1002/ail2.70012,present
10.1002/ail2.70016,present
10.1002/alz70856_098859,present
10.1002/alz70856_102116,present
10.1002/alz70858_096925,present
10.1002/alz70858_101880,present
10.1002/alz70862_109999,present
10.1002/brb3.3554,present
10.1002/brb3.70450,present
10.1002/cam4.7355,present
10.1002/cpe.7911,present
10.1002/dad2.70090,present
10.1002/eng2.12667,present
10.1002/eng2.12678,present
10.1002/eng2.70001,present
10.1002/eng2.70096,present
10.1002/hsr2.71306,present
10.1002/ima.22965,present
10.1002/ima.23106,present
10.1002/ima.23129,present
10.1002/ima.23133,present
10.1002/ima.70169,present
10.1002/jmv.70511,present
10.1002/mdc3.70488,present
10.1002/puh2.70135,present
10.1002/spe.3264,present
10.1007/s00034-024-02936-3,present
10.1007/s00500-024-09866-x,present
10.1007/s00521-023-08257-x,present
10.1007/s00521-023-09310-5,present
10.1007/s00521-024-09859-9,present
10.1007/s00521-024-09900-x,present
10.1007/s00521-024-09966-7,present
10.1007/s00521-024-10453-2,present
10.1007/s00521-024-10667-4,present
10.1007/s00521-024-10737-7,present
10.1007/s00521-024-10916-6,present
10.1007/s00521-025-11343-x,present
10.1007/s00521-025-11559-x,present
10.1007/s10115-023-01851-4,present
10.1007/s10115-023-01971-x,present
10.1007/s10278-024-01192-w,present
10.1007/s10278-024-01249-w,present
10.1007/s10278-024-01300-w,present
10.1007/s10278-025-01644-x,present
10.1007/s10586-024-04285-x,present
10.1007/s10586-024-04804-w,present
10.1007/s10586-025-05268-2,present
10.1007/s10772-025-10231-y,present
10.1007/s10916-025-02323-8,present
10.1007/s10964-023-01767-w,present
10.1007/s11036-024-02369-x,present
10.1007/s11042-023-14941-w,present
10.1007/s11042-023-15582-9,present
10.1007/s11042-023-15738-7,present
10.1007/s11042-023-17055-5,present
10.1007/s11042-023-17082-2,present
10.1007/s11042-023-17212-w,present
10.1007/s11042-023-17305-6,present
10.1007/s11042-023-18002-0,present
10.1007/s11042-024-18780-1,present
10.1007/s11042-024-18802-y,present
10.1007/s11042-024-18970-x,present
10.1007/s11042-024-19989-w,present
10.1007/s11042-025-20787-1,present
10.1007/s11042-025-20828-9,present
10.1007/s11042-025-20915-x,present
10.1007/s11042-025-21137-x,present
10.1007/s11063-024-11526-y,present
10.1007/s11135-025-02315-3,present
10.1007/s11220-024-00503-3,present
10.1007/s11220-025-00561-1,present
10.1007/s11220-025-00617-2,present
10.1007/s11227-025-07330-7,present
10.1007/s11276-023-03566-4,present
10.1007/s11357-024-01438-z,present
10.1007/s11468-024-02491-2,present
10.1007/s11760-024-03115-2,present
10.1007/s12530-024-09611-7,present
10.1007/s12530-025-09686-w,present
10.1007/s12559-023-10190-z,present
10.1007/s12672-025-02279-8,present
10.1007/s13042-025-02621-0,present
10.1007/s13246-025-01609-y,present
10.1007/s13278-023-01077-w,present
10.1007/s13369-024-09623-0,present
10.1007/s13369-025-10921-4,present
10.1007/s13370-025-01402-w,present
10.1007/s13721-025-00554-w,present
10.1007/s13748-024-00326-z,present
10.1007/s13755-022-00203-w,present
10.1007/s13755-025-00363-5,present
10.1007/s40031-024-01039-6,present
10.1007/s40203-025-00384-8,present
10.1007/s40808-024-02169-y,present
10.1007/s40998-025-00849-8,present
10.1007/s40998-025-00955-7,present
10.1007/s41870-023-01713-w,present
10.1007/s41870-024-01770-9,present
10.1007/s41870-024-02123-2,present
10.1007/s41870-025-02459-3,present
10.1007/s42452-024-06068-w,present
10.1007/s42452-025-06704-z,present
10.1007/s42452-025-06735-6,present
10.1007/s42452-025-08026-6,present
10.1007/s42488-024-00129-w,present
10.1007/s42600-023-00291-x,present
10.1007/s42979-024-03207-3,present
10.1007/s42979-025-03684-0,present
10.1007/s43926-024-00063-8,present
10.1007/s44155-025-00221-5,present
10.1007/s44163-024-00185-6,present
10.1007/s44163-025-00305-w,present
10.1007/s44174-025-00568-y,present
10.1007/s44248-025-00070-2,present
10.1007/s44250-025-00190-1,present
10.1007/s44443-025-00234-9,present
10.1016/j.aej.2023.01.029,present
10.1016/j.aej.2024.01.043,present
10.1016/j.aej.2024.12.120,present
10.1016/j.aej.2025.03.098,present
10.1016/j.aej.2025.07.015,present
10.1016/j.ard.2025.06.1585,present
10.1016/j.artmed.2023.102618,present
10.1016/j.asej.2024.103241,present
10.1016/j.asej.2025.103600,present
10.1016/j.bbe.2024.11.005,present
10.1016/j.biopsych.2024.03.007,present
10.1016/j.bspc.2023.105128,present
10.1016/j.bspc.2023.105288,present
10.1016/j.bspc.2023.105565,present
10.1016/j.bspc.2024.106120,present
10.1016/j.bspc.2024.106412,present
10.1016/j.bspc.2024.106515,present
10.1016/j.bspc.2024.107269,present
10.1016/j.bspc.2024.107417,present
10.1016/j.bspc.2025.107620,present
10.1016/j.bspc.2025.107747,present
10.1016/j.bspc.2025.108110,present
10.1016/j.bspc.2025.108204,present
10.1016/j.cca.2024.119974,present
10.1016/j.chemolab.2024.105145,present
10.1016/j.clineuro.2025.108761,present
10.1016/j.cmpb.2025.109037,present
10.1016/j.cmpbup.2024.100169,present
10.1016/j.cmpbup.2025.100221,present
10.1016/j.comnet.2025.111640,present
10.1016/j.compbiolchem.2023.107878,present
10.1016/j.compbiolchem.2024.108110,present
10.1016/j.compbiolchem.2025.108474,present
10.1016/j.compbiolchem.2025.108627,present
10.1016/j.compbiolchem.2025.108687,present
10.1016/j.compbiomed.2024.108117,present
10.1016/j.compbiomed.2024.108329,present
10.1016/j.compbiomed.2024.108726,present
10.1016/j.compbiomed.2024.108798,present
10.1016/j.compbiomed.2024.108918,present
10.1016/j.compbiomed.2024.109399,present
10.1016/j.compbiomed.2025.109858,present
10.1016/j.compbiomed.2025.109872,present
10.1016/j.compbiomed.2025.109963,present
10.1016/j.compbiomed.2025.110131,present
10.1016/j.compbiomed.2025.110167,present
10.1016/j.compbiomed.2025.110250,present
10.1016/j.compbiomed.2025.110302,present
10.1016/j.compbiomed.2025.110375,present
10.1016/j.compbiomed.2025.110406,present
10.1016/j.compbiomed.2025.110597,present
10.1016/j.compbiomed.2025.110836,present
10.1016/j.compbiomed.2025.110982,present
10.1016/j.compeleceng.2024.109130,present
10.1016/j.csbr.2025.100035,present
10.1016/j.cyto.2025.156882,present
10.1016/j.datak.2023.102233,present
10.1016/j.dcit.2024.100022,present
10.1016/j.dsm.2022.10.001,present
10.1016/j.eij.2025.100786,present
10.1016/j.eij.2025.100787,present
10.1016/j.ejmp.2024.104870,present
10.1016/j.engappai.2023.107261,present
10.1016/j.engappai.2024.109720,present
10.1016/j.engappai.2025.110827,present
10.1016/j.engappai.2025.111594,present
10.1016/j.eswa.2024.124581,present
10.1016/j.eswa.2025.128017,present
10.1016/j.euroneuro.2025.08.284,present
10.1016/j.fraope.2024.100153,present
10.1016/j.fraope.2025.100248,present
10.1016/j.fraope.2025.100298,present
10.1016/j.gaitpost.2023.07.017,present
10.1016/j.health.2024.100319,present
10.1016/j.health.2024.100373,present
10.1016/j.heliyon.2023.e19422,present
10.1016/j.heliyon.2024.e35246,present
10.1016/j.heliyon.2024.e35621,present
10.1016/j.heliyon.2024.e38731,present
10.1016/j.ibmed.2024.100191,present
10.1016/j.ibmed.2025.100252,present
10.1016/j.ibmed.2025.100254,present
10.1016/j.ibmed.2025.100261,present
10.1016/j.ibmed.2025.100275,present
10.1016/j.ibmed.2025.100312,present
10.1016/j.identj.2025.104785,present
10.1016/j.ijmedinf.2023.105228,present
10.1016/j.ijmedinf.2024.105338,present
10.1016/j.ijmedinf.2024.105529,present
10.1016/j.ijmedinf.2025.106093,present
10.1016/j.ijmedinf.2025.106166,present
10.1016/j.ijrobp.2024.07.1302,present
10.1016/j.ijtb.2024.12.001,present
10.1016/j.imu.2023.101293,present
10.1016/j.imu.2024.101451,present
10.1016/j.imu.2024.101581,present
10.1016/j.imu.2024.101582,present
10.1016/j.imu.2024.101611,present
10.1016/j.imu.2025.101658,present
10.1016/j.imu.2025.101667,present
10.1016/j.inhs.2025.100044,present
10.1016/j.ins.2023.119005,present
10.1016/j.ins.2024.121513,present
10.1016/j.isci.2024.110159,present
10.1016/j.iswa.2024.200453,present
10.1016/j.jdent.2024.105318,present
10.1016/j.jeph.2025.203087,present
10.1016/j.jer.2025.08.017,present
10.1016/j.jestch.2025.102180,present
10.1016/j.jogoh.2025.103039,present
10.1016/j.jradnu.2024.12.004,present
10.1016/j.jrras.2024.101141,present
10.1016/j.jrras.2025.101358,present
10.1016/j.jrras.2025.101392,present
10.1016/j.knosys.2024.111960,present
10.1016/j.mcpdig.2025.100248,present
10.1016/j.medengphy.2025.104376,present
10.1016/j.mlwa.2025.100687,present
10.1016/j.mlwa.2025.100698,present
10.1016/j.mlwa.2025.100741,present
10.1016/j.molstruc.2024.139146,present
10.1016/j.neuroscience.2025.05.004,present
10.1016/j.procs.2024.05.026,present
10.1016/j.procs.2024.05.052,present
10.1016/j.procs.2024.06.341,present
10.1016/j.procs.2024.06.371,present
10.1016/j.procs.2024.09.355,present
10.1016/j.procs.2024.11.119,present
10.1016/j.procs.2025.04.340,present
10.1016/j.procs.2025.09.251,present
10.1016/j.procs.2025.09.487,present
10.1016/j.procs.2025.09.533,present
10.1016/j.procs.2025.10.216,present
10.1016/j.psychres.2025.116698,present
10.1016/j.puhe.2024.11.013,present
10.1016/j.retram.2025.103526,present
10.1016/j.rineng.2024.102459,present
10.1016/j.rineng.2024.102985,present
10.1016/j.rineng.2025.104370,present
10.1016/j.rineng.2025.105047,present
10.1016/j.rineng.2025.107581,present
10.1016/j.sab.2023.106671,present
10.1016/j.schres.2024.07.015,present
10.1016/j.sciaf.2023.e01716,present
10.1016/j.sciaf.2025.e02963,present
10.1016/j.swevo.2024.101766,present
10.1016/j.ultrasmedbio.2023.12.023,present
10.1016/j.ultrasmedbio.2025.04.009,present
10.1016/s2589-7500(23)00050-x,present
10.1016/s2589-7500(23)00149-8,present
10.1038/s41380-023-02077-0,present
10.1038/s41380-023-02392-6,present
10.1038/s41380-025-03273-w,present
10.1038/s41467-023-42438-5,present
10.1038/s41467-024-49245-6,present
10.1038/s41467-024-49433-4,present
10.1038/s41467-025-64391-1,present
10.1038/s41591-024-03139-8,present
10.1038/s41598-023-30941-0,present
10.1038/s41598-023-31542-7,present
10.1038/s41598-023-34294-6,present
10.1038/s41598-023-40317-z,present
10.1038/s41598-023-40717-1,present
10.1038/s41598-023-41545-z,present
10.1038/s41598-023-41731-z,present
10.1038/s41598-023-44689-0,present
10.1038/s41598-023-47934-8,present
10.1038/s41598-023-49337-1,present
10.1038/s41598-023-50128-x,present
10.1038/s41598-023-50334-7,present
10.1038/s41598-023-50475-9,present
10.1038/s41598-024-51304-3,present
10.1038/s41598-024-54699-1,present
10.1038/s41598-024-54795-2,present
10.1038/s41598-024-54967-0,present
10.1038/s41598-024-56419-1,present
10.1038/s41598-024-60027-4,present
10.1038/s41598-024-61452-1,present
10.1038/s41598-024-61693-0,present
10.1038/s41598-024-61876-9,present
10.1038/s41598-024-63831-0,present
10.1038/s41598-024-64004-9,present
10.1038/s41598-024-64209-y,present
10.1038/s41598-024-70525-0,present
10.1038/s41598-024-71410-6,present
10.1038/s41598-024-71551-8,present
10.1038/s41598-024-71934-x,present
10.1038/s41598-024-72013-x,present
10.1038/s41598-024-72382-3,present
10.1038/s41598-024-72923-w,present
10.1038/s41598-024-74357-w,present
10.1038/s41598-024-74360-1,present
10.1038/s41598-024-74656-2,present
10.1038/s41598-024-74993-2,present
10.1038/s41598-024-75030-y,present
10.1038/s41598-024-75455-5,present
10.1038/s41598-024-76569-6,present
10.1038/s41598-024-78015-z,present
10.1038/s41598-024-80260-1,present
10.1038/s41598-024-80570-4,present
10.1038/s41598-024-80926-w,present
10.1038/s41598-024-81197-1,present
10.1038/s41598-024-81510-y,present
10.1038/s41598-024-81966-y,present
10.1038/s41598-024-82045-y,present
10.1038/s41598-024-82420-9,present
10.1038/s41598-024-83357-9,present
10.1038/s41598-024-83466-5,present
10.1038/s41598-024-84475-0,present
10.1038/s41598-024-84478-x,present
10.1038/s41598-024-84644-1,present
10.1038/s41598-025-00401-y,present
10.1038/s41598-025-00519-z,present
10.1038/s41598-025-00570-w,present
10.1038/s41598-025-03718-w,present
10.1038/s41598-025-04381-x,present
10.1038/s41598-025-04631-y,present
10.1038/s41598-025-04784-w,present
10.1038/s41598-025-05324-2,present
10.1038/s41598-025-06310-4,present
10.1038/s41598-025-07245-6,present
10.1038/s41598-025-07309-7,present
10.1038/s41598-025-08116-w,present
10.1038/s41598-025-08718-4,present
10.1038/s41598-025-09330-2,present
10.1038/s41598-025-09524-8,present
10.1038/s41598-025-10231-7,present
10.1038/s41598-025-11263-9,present
10.1038/s41598-025-11725-0,present
10.1038/s41598-025-12049-9,present
10.1038/s41598-025-12216-y,present
10.1038/s41598-025-13475-5,present
10.1038/s41598-025-13510-5,present
10.1038/s41598-025-14128-3,present
10.1038/s41598-025-15656-8,present
10.1038/s41598-025-15984-9,present
10.1038/s41598-025-20382-2,present
10.1038/s41598-025-21301-1,present
10.1038/s41598-025-21761-5,present
10.1038/s41598-025-22381-9,present
10.1038/s41598-025-22545-7,present
10.1038/s41598-025-22986-0,present
10.1038/s41598-025-23234-1,present
10.1038/s41598-025-23664-x,present
10.1038/s41598-025-23846-7,present
10.1038/s41598-025-25052-x,present
10.1038/s41598-025-25399-1,present
10.1038/s41598-025-25739-1,present
10.1038/s41598-025-26382-6,present
10.1038/s41598-025-26583-z,present
10.1038/s41598-025-27303-3,present
10.1038/s41598-025-28376-w,present
10.1038/s41598-025-28387-7,present
10.1038/s41598-025-28513-5,present
10.1038/s41598-025-28637-8,present
10.1038/s41598-025-85323-5,present
10.1038/s41598-025-86590-y,present
10.1038/s41598-025-87767-1,present
10.1038/s41598-025-88119-9,present
10.1038/s41598-025-91825-z,present
10.1038/s41598-025-92187-2,present
10.1038/s41598-025-92493-9,present
10.1038/s41598-025-93495-3,present
10.1038/s41598-025-93950-1,present
10.1038/s41598-025-94253-1,present
10.1038/s41598-025-94827-z,present
10.1038/s41598-025-95342-x,present
10.1038/s41598-025-95390-3,present
10.1038/s41598-025-96149-6,present
10.1038/s41598-025-96950-3,present
10.1038/s41598-025-98205-7,present
10.1038/s41598-025-98654-0,present
10.1038/s41598-025-98873-5,present
10.1038/s41598-025-99990-x,present
10.1039/d4tb02494j,present
10.1039/d5ra00021a,present
10.1049/cit2.12254,present
10.1051/bioconf/20249700014,present
10.1051/e3sconf/202341201093,present
10.1051/itmconf/20246902004,present
10.1051/shsconf/202522401002,present
10.1055/a-2669-7933,present
10.1056/aioa2400018,present
10.1063/5.0184741,present
10.1063/5.0294011,present
10.1080/00051144.2023.2220207,present
10.1080/03091902.2024.2310157,present
10.1080/03772063.2024.2352643,present
10.1080/07391102.2023.2188419,present
10.1080/08839514.2024.2340386,present
10.1080/10255842.2023.2185477,present
10.1080/1206212x.2024.2389342,present
10.1080/13682199.2025.2558374,present
10.1080/17446651.2024.2400706,present
10.1080/20008066.2025.2589709,present
10.1080/23311916.2024.2325635,present
10.1080/24751839.2025.2454053,present
10.1080/27690911.2023.2220872,present
10.1088/1361-6560/ad9076,present
10.1088/2057-1976/ad40b0,present
10.1088/2057-1976/ad8094,present
10.1088/2057-1976/ad9c7e,present
10.1088/2631-8695/adf9c3,present
10.1089/bioe.2024.0004,present
10.1093/alcalc/agaf078,present
10.1093/bioadv/vbaf224,present
10.1093/comjnl/bxaf009,present
10.1093/eurpub/ckad160.1286,present
10.1093/eurpub/ckae144.1170,present
10.1093/eurpub/ckaf161.318,present
10.1093/geronb/gbaf023,present
10.1093/ijpp/riad074.027,present
10.1093/intqhc/mzad078,present
10.1093/jamiaopen/ooae132,present
10.1093/jas/skaf300.497,present
10.1093/jnci/djaf070,present
10.1093/jscdis/yoaf020,present
10.1093/qjmed/hcae175.947,present
10.1097/qai.0000000000003108,present
10.1101/2023.05.22.23290327,present
10.1101/2023.11.10.23298366,present
10.1101/2023.11.22.23298939,present
10.1101/2024.06.07.24308404,present
10.1101/2024.11.19.624335,present
10.1101/2024.12.01.24318269,present
10.1101/2025.01.30.25321353,present
10.1101/2025.02.24.25322514,present
10.1101/2025.04.01.646719,present
10.1101/2025.10.07.25337263,present
10.1101/2025.10.18.25338267,present
10.1101/2025.10.23.25338536,present
10.1101/2025.11.20.25340654,present
10.1109/aaiac60008.2023.10465280,present
10.1109/aaiac60008.2023.10465473,present
10.1109/access.2023.3233969,present
10.1109/access.2023.3286661,present
10.1109/access.2023.3308075,present
10.1109/access.2023.3308446,present
10.1109/access.2023.3312343,present
10.1109/access.2023.3319293,present
10.1109/access.2023.3326369,present
10.1109/access.2024.3354854,present
10.1109/access.2024.3357989,present
10.1109/access.2024.3367430,present
10.1109/access.2024.3377124,present
10.1109/access.2024.3377659,present
10.1109/access.2024.3378730,present
10.1109/access.2024.3384359,present
10.1109/access.2024.3418553,present
10.1109/access.2024.3428446,present
10.1109/access.2024.3437181,present
10.1109/access.2024.3442080,present
10.1109/access.2024.3451369,present
10.1109/access.2024.3475550,present
10.1109/access.2024.3494839,present
10.1109/access.2024.3495518,present
10.1109/access.2025.3525514,present
10.1109/access.2025.3532515,present
10.1109/access.2025.3564872,present
10.1109/access.2025.3566332,present
10.1109/access.2025.3572202,present
10.1109/access.2025.3590291,present
10.1109/access.2025.3595187,present
10.1109/access.2025.3608083,present
10.1109/acdsa65407.2025.11165936,present
10.1109/acit58888.2023.10453832,present
10.1109/acit62805.2024.10877001,present
10.1109/acit62805.2024.10877037,present
10.1109/adacis59737.2023.10424089,present
10.1109/afros62115.2024.11036906,present
10.1109/aibthings66987.2025.11296179,present
10.1109/aic61668.2024.10730835,present
10.1109/aic61668.2024.10731093,present
10.1109/aiccsa59173.2023.10479282,present
10.1109/aiccsa63423.2024.10912538,present
10.1109/aicera/icis59538.2023.10420329,present
10.1109/amcai59331.2023.10431510,present
10.1109/assic64892.2025.11158010,present
10.1109/atsip62566.2024.10638983,present
10.1109/atsip62566.2024.10639034,present
10.1109/bigdataservice62917.2024.00018,present
10.1109/cce62852.2024.10770955,present
10.1109/cloudtech58737.2023.10366058,present
10.1109/codit62066.2024.10708516,present
10.1109/csci62032.2023.00063,present
10.1109/cvprw59228.2023.00312,present
10.1109/cvprw63382.2024.00524,present
10.1109/dese60595.2023.10469092,present
10.1109/ecai65401.2025.11095567,present
10.1109/edis63605.2024.10783368,present
10.1109/eesp64500.2024.00014,present
10.1109/esai62891.2024.10913851,present
10.1109/euvip66349.2025.11238728,present
10.1109/fllm63129.2024.10852441,present
10.1109/iatmsi64286.2025.10984531,present
10.1109/ic3i61595.2024.10829038,present
10.1109/ic_aset58101.2023.10150791,present
10.1109/ic_aset65966.2025.11232197,present
10.1109/ic_etc65981.2025.11141069,present
10.1109/icabcd59051.2023.10220453,present
10.1109/icaeccs56710.2023.10104822,present
10.1109/icast61769.2024.10856490,present
10.1109/icbats66542.2025.11258376,present
10.1109/icbats66542.2025.11258432,present
10.1109/icca59364.2023.10401673,present
10.1109/icci61671.2024.10485049,present
10.1109/icci61671.2024.10485057,present
10.1109/icci61671.2024.10485178,present
10.1109/icciaa65327.2025.11013577,present
10.1109/iccit58132.2023.10273967,present
10.1109/iccit63348.2025.10989469,present
10.1109/iccitx61791.2024.11070503,present
10.1109/iccsc62074.2024.10616903,present
10.1109/iccsc62074.2024.10617320,present
10.1109/iccsc66714.2025.11134977,present
10.1109/icdici62993.2024.10810898,present
10.1109/icds62089.2024.10756377,present
10.1109/icds62089.2024.10756451,present
10.1109/icecer62944.2024.10920425,present
10.1109/icecet58911.2023.10389356,present
10.1109/icecet58911.2023.10389513,present
10.1109/iceeat60471.2023.10426611,present
10.1109/iceem66692.2025.11225186,present
10.1109/iceem66692.2025.11225282,present
10.1109/iceeng64546.2025.11031282,present
10.1109/iceeng64546.2025.11031315,present
10.1109/iceeng64546.2025.11031335,present
10.1109/icercs63125.2024.10895279,present
10.1109/icetas62372.2024.11120085,present
10.1109/icetsis61505.2024.10459581,present
10.1109/ichora65333.2025.11017240,present
10.1109/icicis58388.2023.10391179,present
10.1109/icict62343.2024.00024,present
10.1109/icmeas58693.2023.10429832,present
10.1109/icmisi61517.2024.10580506,present
10.1109/icmisi61517.2024.10580665,present
10.1109/icmisi65108.2025.11115246,present
10.1109/icmisi65108.2025.11115362,present
10.1109/icmisi65108.2025.11115471,present
10.1109/icmisi65108.2025.11115744,present
10.1109/icmisi65108.2025.11115797,present
10.1109/icnas59892.2023.10330477,present
10.1109/icnas59892.2023.10330504,present
10.1109/icngcs64900.2025.11182929,present
10.1109/icngn63705.2024.10871295,present
10.1109/icoei56765.2023.10125880,present
10.1109/icoei56765.2023.10125918,present
10.1109/icomms66553.2025.11200266,present
10.1109/icrpset64863.2024.10955815,present
10.1109/icsadl65848.2025.10933484,present
10.1109/icspis63676.2024.10812629,present
10.1109/icstsn57873.2023.10151538,present
10.1109/ict-dm62768.2024.10798940,present
10.1109/ict4da59526.2023.10302234,present
10.1109/ict4da59526.2023.10302262,present
10.1109/ict4da67218.2025.11282666,present
10.1109/ict4da67218.2025.11282698,present
10.1109/ict62760.2024.10606122,present
10.1109/ictas56421.2023.10082744,present
10.1109/ictas64866.2025.11155420,present
10.1109/ictas64866.2025.11155502,present
10.1109/ictis62692.2024.10894073,present
10.1109/ictis62692.2024.10894447,present
10.1109/ictis62692.2024.10894546,present
10.1109/iisec59749.2023.10391043,present
10.1109/imitec60221.2024.10851021,present
10.1109/imsa58542.2023.10217379,present
10.1109/imsa58542.2023.10217418,present
10.1109/imsa58542.2023.10217437,present
10.1109/imsa58542.2023.10217455,present
10.1109/imsa58542.2023.10217501,present
10.1109/imsa58542.2023.10217593,present
10.1109/imsa58542.2023.10217619,present
10.1109/imsa58542.2023.10217733,present
10.1109/imsa58542.2023.10217744,present
10.1109/imsa61967.2024.10652699,present
10.1109/imsa61967.2024.10652749,present
10.1109/imsa61967.2024.10652787,present
10.1109/imsa65733.2025.11166690,present
10.1109/imsa65733.2025.11166826,present
10.1109/imsa65733.2025.11166876,present
10.1109/imsa65733.2025.11167007,present
10.1109/imsa65733.2025.11167097,present
10.1109/imsa65733.2025.11167149,present
10.1109/imsa65733.2025.11167259,present
10.1109/imsa65733.2025.11167683,present
10.1109/inc465408.2025.11256479,present
10.1109/inista59065.2023.10310366,present
10.1109/intcec61833.2024.10602984,present
10.1109/iraset57153.2023.10153010,present
10.1109/iraset57153.2023.10153014,present
10.1109/iraset57153.2023.10153040,present
10.1109/iraset60544.2024.10549391,present
10.1109/iraset64571.2025.11008288,present
10.1109/isaect64333.2024.10799744,present
10.1109/iscmi63661.2024.10851578,present
10.1109/iscmi63661.2024.10851700,present
10.1109/iscv60512.2024.10620080,present
10.1109/isivc61350.2024.10577908,present
10.1109/isncc66965.2025.11250422,present
10.1109/isnib64820.2025.10983256,present
10.1109/ispa59904.2024.10536701,present
10.1109/ispa59904.2024.10536702,present
10.1109/ispa59904.2024.10536738,present
10.1109/ispa59904.2024.10536772,present
10.1109/ispa59904.2024.10536832,present
10.1109/issatk62463.2024.10808924,present
10.1109/itc-egypt61547.2024.10620453,present
10.1109/itc-egypt61547.2024.10620494,present
10.1109/itc-egypt66095.2025.11186586,present
10.1109/itc-egypt66095.2025.11186702,present
10.1109/ithings-greencom-cpscom-smartdata-cybermatics62450.2024.00060,present
10.1109/jbhi.2024.3524079,present
10.1109/jbhi.2025.3604638,present
10.1109/miucc58832.2023.10278304,present
10.1109/miucc58832.2023.10278367,present
10.1109/miucc66482.2025.11196802,present
10.1109/miucc66482.2025.11196806,present
10.1109/miucc66482.2025.11196821,present
10.1109/miucc66482.2025.11196830,present
10.1109/miucc66482.2025.11196852,present
10.1109/miucc66482.2025.11196854,present
10.1109/nigercon62786.2024.10926971,present
10.1109/nigercon62786.2024.10927131,present
10.1109/nigercon62786.2024.10927368,present
10.1109/nigercon62786.2024.10927388,present
10.1109/niles63360.2024.10753152,present
10.1109/niles63360.2024.10753181,present
10.1109/niles63360.2024.10753220,present
10.1109/niles68063.2025.11232181,present
10.1109/niles68063.2025.11232212,present
10.1109/niles68063.2025.11232307,present
10.1109/nmitcon62075.2024.10699100,present
10.1109/nrsc61581.2024.10510468,present
10.1109/nrsc61581.2024.10510531,present
10.1109/odicon62106.2024.10797514,present
10.1109/pais62114.2024.10541274,present
10.1109/q-bats63267.2024.10873931,present
10.1109/rem63063.2024.10735600,present
10.1109/seb4sdg60871.2024.10629694,present
10.1109/seb4sdg60871.2024.10629763,present
10.1109/seb4sdg60871.2024.10629781,present
10.1109/seb4sdg60871.2024.10629982,present
10.1109/seb4sdg60871.2024.10630016,present
10.1109/seb4sdg60871.2024.10630058,present
10.1109/seb4sdg60871.2024.10630063,present
10.1109/seb4sdg60871.2024.10630308,present
10.1109/seb4sdg60871.2024.10630356,present
10.1109/seb4sdg60871.2024.10630392,present
10.1109/sita67914.2025.11273773,present
10.1109/skima59232.2023.10387368,present
10.1109/smartblock4africa61928.2024.10779532,present
10.1109/smartblock4africa61928.2024.10779549,present
10.1109/smartblock4health64843.2025.11189558,present
10.1109/smartnets61466.2024.10577725,present
10.1109/smartnets65254.2025.11106846,present
10.1109/src65875.2025.11263620,present
10.1109/ssd58187.2023.10411169,present
10.1109/ssd64182.2025.10989852,present
10.1109/ssd64182.2025.10989970,present
10.1109/tce.2024.3415626,present
10.1109/tetci.2025.3641666,present
10.1109/wetice57085.2023.10477841,present
10.1109/wids-psu57071.2023.00048,present
10.1111/1750-3841.17421,present
10.1111/add.16122,present
10.1111/exsy.13298,present
10.1111/hae.14815,present
10.1111/jep.14257,present
10.1117/12.3055064,present
10.1128/msystems.00325-24,present
10.1136/annrheumdis-2024-eular.2367,present
10.1136/bjo-2022-322683,present
10.1136/bmjpo-2025-003617,present
10.1136/bmjpo-2025-004000,present
10.1136/ijgc-2023-004397,present
10.1142/s0218213023400067,present
10.1142/s0218348x25501014,present
10.1142/s0219622023300045,present
10.1142/s2424922x25500056,present
10.1145/3589883.3589887,present
10.1145/3607720.3607776,present
10.1145/3628797.3628974,present
10.1145/3644713.3644759,present
10.1145/3745812.3745815,present
10.1155/2023/1406060,present
10.1155/2023/2457898,present
10.1155/2023/3567194,present
10.1155/2023/3830857,present
10.1155/2023/4506488,present
10.1155/2023/6070970,present
10.1155/2023/8921220,present
10.1155/2024/6688934,present
10.1155/2024/8997093,present
10.1155/acis/1989813,present
10.1155/acis/2664908,present
10.1155/acis/7394597,present
10.1155/bmri/8074581,present
10.1155/int/9722173,present
10.1159/000539767,present
10.11591/csit.v6i3.p335-345,present
10.11591/eei.v13i6.8298,present
10.11591/eei.v14i5.10028,present
10.11591/eei.v14i6.10730,present
10.11591/ijai.v13.i4.pp4372-4379,present
10.11591/ijece.v14i3.pp3094-3105,present
10.11591/ijece.v14i6.pp7266-7274,present
10.11591/ijece.v15i1.pp1162-1174,present
10.11591/ijece.v15i5.pp4751-4761,present
10.11591/ijece.v15i6.pp5347-5359,present
10.11591/ijeecs.v31.i3.pp1656-1664,present
10.11591/ijeecs.v33.i2.pp1030-1041,present
10.11591/ijeecs.v33.i2.pp1076-1083,present
10.11591/ijeecs.v34.i2.pp1010-1023,present
10.11591/ijeecs.v35.i2.pp916-932,present
10.11591/ijeecs.v37.i1.pp347-355,present
10.11591/ijeecs.v40.i3.pp1232-1240,present
10.11591/ijres.v14.i2.pp558-574,present
10.11648/j.ajai.20250902.15,present
10.11648/j.ajnna.20251101.12,present
10.11648/j.ajtas.20241303.12,present
10.11648/j.ajtas.20241304.11,present
10.11648/j.bsi.20251003.12,present
10.11648/j.ijdsa.20241001.12,present
10.11648/j.ijdsa.20251106.11,present
10.11648/j.ijdst.20251101.11,present
10.11648/j.mlr.20240901.12,present
10.11648/j.mlr.20251002.17,present
10.11648/j.wjph.20251003.17,present
10.1177/08953996251314765,present
10.1177/11795972241278907,present
10.1177/11795972241283101,present
10.1177/14604582241285769,present
10.1177/14604582251363519,present
10.1177/1973798x251319528,present
10.1177/20552076231207593,present
10.1177/20552076241278211,present
10.1177/20552076251336853,present
10.1177/20552076251344135,present
10.1177/21582440251365428,present
10.1177/22799036251373012,present
10.1177/23779608231185873,present
10.1182/blood-2025-2603,present
10.1183/23120541.00508-2023,present
10.1186/s12859-023-05518-3,present
10.1186/s12872-025-05315-1,present
10.1186/s12879-024-10282-7,present
10.1186/s12879-025-10738-4,present
10.1186/s12879-025-10916-4,present
10.1186/s12880-024-01227-2,present
10.1186/s12880-024-01241-4,present
10.1186/s12880-024-01267-8,present
10.1186/s12880-024-01292-7,present
10.1186/s12880-024-01333-1,present
10.1186/s12880-024-01394-2,present
10.1186/s12880-025-01630-3,present
10.1186/s12880-025-01709-x,present
10.1186/s12884-025-07248-1,present
10.1186/s12887-025-05659-9,present
10.1186/s12889-024-19196-0,present
10.1186/s12889-024-19566-8,present
10.1186/s12889-024-21039-x,present
10.1186/s12889-025-24139-4,present
10.1186/s12889-025-24850-2,present
10.1186/s12903-025-05419-2,present
10.1186/s12905-024-02893-8,present
10.1186/s12905-024-03232-7,present
10.1186/s12911-023-02102-w,present
10.1186/s12911-023-02167-7,present
10.1186/s12911-024-02519-x,present
10.1186/s12911-024-02553-9,present
10.1186/s12911-024-02688-9,present
10.1186/s12911-024-02690-1,present
10.1186/s12911-024-02780-0,present
10.1186/s12911-024-02840-5,present
10.1186/s12911-025-02874-3,present
10.1186/s12911-025-02889-w,present
10.1186/s12911-025-02917-9,present
10.1186/s12911-025-02921-z,present
10.1186/s12911-025-03073-w,present
10.1186/s12911-025-03176-4,present
10.1186/s12913-024-12184-5,present
10.1186/s12936-025-05522-3,present
10.1186/s13027-023-00536-5,present
10.1186/s13036-023-00340-0,present
10.1186/s13040-023-00319-z,present
10.1186/s13040-024-00370-4,present
10.1186/s13040-025-00425-0,present
10.1186/s13040-025-00505-1,present
10.1186/s13098-025-01786-6,present
10.1186/s13195-023-01250-5,present
10.1186/s13634-024-01158-8,present
10.1186/s40001-025-03348-y,present
10.1186/s40359-025-03830-6,present
10.1186/s40537-023-00714-7,present
10.1186/s40537-023-00817-1,present
10.1186/s40537-025-01070-4,present
10.1186/s40537-025-01152-3,present
10.1186/s41043-025-01095-8,present
10.1186/s43055-023-01136-4,present
10.1186/s43055-025-01443-y,present
10.1186/s43067-024-00142-4,present
10.1186/s43067-025-00238-5,present
10.1186/s43067-025-00243-8,present
10.1186/s43163-025-00907-2,present
10.1186/s44247-025-00190-4,present
10.1186/s44247-025-00197-x,present
10.1186/s44398-025-00006-5,present
10.1210/jendso/bvaf149.1034,present
10.1210/jendso/bvaf149.1296,present
10.1249/01.mss.0000982984.06927.c4,present
10.12688/f1000research.141458.2,present
10.12688/f1000research.166372.2,present
10.1371/journal.pdig.0000308,present
10.1371/journal.pdig.0000309,present
10.1371/journal.pdig.0000345,present
10.1371/journal.pdig.0000541,present
10.1371/journal.pdig.0000543,present
10.1371/journal.pdig.0000707,present
10.1371/journal.pdig.0000713,present
10.1371/journal.pdig.0000907,present
10.1371/journal.pgph.0001466,present
10.1371/journal.pgph.0001950,present
10.1371/journal.pntd.0011967,present
10.1371/journal.pntd.0012041,present
10.1371/journal.pntd.0012736,present
10.1371/journal.pntd.0012879,present
10.1371/journal.pntd.0013234,present
10.1371/journal.pntd.0013295,present
10.1371/journal.pntd.0013429,present
10.1371/journal.pone.0288079,present
10.1371/journal.pone.0296511,present
10.1371/journal.pone.0296625,present
10.1371/journal.pone.0300172,present
10.1371/journal.pone.0302977,present
10.1371/journal.pone.0305628,present
10.1371/journal.pone.0306493,present
10.1371/journal.pone.0309816,present
10.1371/journal.pone.0312447,present
10.1371/journal.pone.0314154,present
10.1371/journal.pone.0320640,present
10.1371/journal.pone.0323697,present
10.1371/journal.pone.0327743,present
10.1371/journal.pone.0328338,present
10.1371/journal.pone.0328402,present
10.1371/journal.pone.0330899,present
10.1371/journal.pone.0334217,present
10.1371/journal.pone.0334528,present
10.1371/journal.pone.0335364,present
10.14710/medstat.16.2.124-135,present
10.1515/bmt-2024-0433,present
10.18196/jrc.v6i1.23302,present
10.18535/ijecs.v14i07.5197,present
10.18535/ijecs/v13i09.4887,present
10.19139/soic-2310-5070-2159,present
10.19139/soic-2310-5070-2271,present
10.19139/soic-2310-5070-2811,present
10.20428/jst.v30i6.2864,present
10.21123/bsj.2024.9422,present
10.21203/rs.3.rs-1435455/v1,present
10.21203/rs.3.rs-2757783/v1,present
10.21203/rs.3.rs-2888288/v1,present
10.21203/rs.3.rs-4119506/v1,present
10.21203/rs.3.rs-4359019/v1,present
10.21203/rs.3.rs-4438341/v1,present
10.21203/rs.3.rs-4976943/v1,present
10.21203/rs.3.rs-5094249/v1,present
10.21203/rs.3.rs-5950552/v1,present
10.21203/rs.3.rs-6359346/v1,present
10.21203/rs.3.rs-7425776/v1,present
10.21203/rs.3.rs-7767416/v1,present
10.21203/rs.3.rs-8019155/v1,present
10.2147/dddt.s537065,present
10.2147/phmt.s427773,present
10.21608/aimj.2025.446551,present
10.21608/asc.2023.328067,present
10.21608/asc.2024.245718.1017,present
10.21608/cjmss.2024.290167.1053,present
10.21608/djis.2025.349439.1003,present
10.21608/dusj.2023.318658,present
10.21608/edj.2024.300530.3096,present
10.21608/ifjsis.2023.211165.1021,present
10.21608/ijaici.2025.354921.1008,present
10.21608/ijasri.2024.266603.1014,present
10.21608/ijci.2023.236078.1130,present
10.21608/ijci.2023.236554.1143,present
10.21608/ijt.2024.274410.1044,present
10.21608/ijt.2024.280957.1045,present
10.21608/ijt.2024.293555.1056,present
10.21608/ijt.2025.338194.1067,present
10.21608/ijt.2025.354319.1078,present
10.21608/ijt.2025.359269.1083,present
10.21608/jcsit.2024.319582.1010,present
10.21608/jesaun.2025.369613.1457,present
10.21608/jocc.2023.282098,present
10.21608/kjis.2023.220945.1014,present
10.21608/kjis.2023.220954.1015,present
10.21608/mjcis.2024.312462.1006,present
10.21608/njccs.2025.415897.1053,present
10.2174/0115734056258742230920062315,present
10.2174/0115734056317489240808094924,present
10.2174/0126662558290514240102050746,present
10.2174/0126662558327739240925073925,present
10.2196/40167,present
10.2196/44432,present
10.2196/47014,present
10.2196/50771,present
10.2196/51912,present
10.2196/53625,present
10.2196/54388,present
10.2196/56993,present
10.2196/66029,present
10.2196/68066,present
10.2196/68196,present
10.2196/69300,present
10.22399/ijcesen.2647,present
10.22541/au.167570558.82410707/v1,present
10.22630/mgv.2023.32.1.5,present
10.23919/ist-africa63983.2024.10569916,present
10.23919/ist-africa67297.2025.11060497,present
10.23919/ist-africa67297.2025.11060542,present
10.23919/ist-africa67297.2025.11060550,present
10.24085/jsaa.v13i2.5983,present
10.2458/lymph.7494,present
10.2478/arsm-2024-0007,present
10.2478/fcds-2025-0019,present
10.2478/ijssis-2025-0021,present
10.2478/pjmpe-2025-0021,present
10.25259/kmj_22_2025,present
10.26634/jds.2.2.20921,present
10.28991/scimedj-2023-05-02-01,present
10.31127/tuje.1434305,present
10.31557/apjcp.2024.25.10.3609,present
10.3233/bme-222542,present
10.32604/cmc.2023.036322,present
10.32604/cmc.2023.037543,present
10.32604/cmc.2023.043013,present
10.32604/cmc.2024.052153,present
10.32604/cmc.2024.052404,present
10.32604/cmc.2024.054591,present
10.32604/cmes.2023.030806,present
10.32604/cmes.2024.058770,present
10.32604/cmes.2025.061623,present
10.32604/cmes.2025.068212,present
10.32604/cmes.2025.072650,present
10.32604/csse.2023.037812,present
10.32620/reks.2023.4.07,present
10.32628/cseit25113395,present
10.33633/jais.v8i1.7547,present
10.3389/fcvm.2024.1365481,present
10.3389/fendo.2025.1486350,present
10.3389/fepid.2023.1233323,present
10.3389/fgwh.2025.1456238,present
10.3389/fgwh.2025.1488391,present
10.3389/fmed.2024.1498403,present
10.3389/fmed.2025.1475362,present
10.3389/fmolb.2024.1430794,present
10.3389/fninf.2024.1444650,present
10.3389/fnut.2023.1277048,present
10.3389/fnut.2024.1397399,present
10.3389/fonc.2024.1300997,present
10.3389/fonc.2024.1347856,present
10.3389/fonc.2025.1618349,present
10.3389/fped.2024.1388820,present
10.3389/fphys.2025.1684693,present
10.3389/fpubh.2024.1341279,present
10.3389/fpubh.2024.1366496,present
10.3389/fpubh.2025.1416273,present
10.3389/fpubh.2025.1448055,present
10.3389/frai.2023.1171256,present
10.3389/frai.2023.1230649,present
10.3389/frai.2023.1339988,present
10.3389/frai.2024.1397388,present
10.3389/frai.2025.1446876,present
10.3389/frai.2025.1560523,present
10.3389/frai.2025.1606245,present
10.3389/frsip.2024.1479244,present
10.3390/a18110703,present
10.3390/ai6020021,present
10.3390/ai6040076,present
10.3390/ai6040079,present
10.3390/ai6070151,present
10.3390/app13063937,present
10.3390/app13063955,present
10.3390/app131810310,present
10.3390/app132312776,present
10.3390/app15137181,present
10.3390/arm92050037,present
10.3390/asi8010007,present
10.3390/bdcc9070170,present
10.3390/bioengineering10040429,present
10.3390/bioengineering10050557,present
10.3390/bioengineering11080822,present
10.3390/bioengineering11121290,present
10.3390/bioengineering12040356,present
10.3390/bioengineering12060651,present
10.3390/bioengineering13010004,present
10.3390/biomedinformatics4020065,present
10.3390/biomedinformatics5030035,present
10.3390/biomedinformatics5030054,present
10.3390/biomimetics10120803,present
10.3390/biomimetics8060499,present
10.3390/biomimetics8070552,present
10.3390/biomimetics8070554,present
10.3390/cancers15030885,present
10.3390/cancers15205016,present
10.3390/cancers16223777,present
10.3390/cmsf2025010013,present
10.3390/computation13010008,present
10.3390/computers14060212,present
10.3390/covid5100167,present
10.3390/data10010004,present
10.3390/ddc4030035,present
10.3390/diagnostics13030534,present
10.3390/diagnostics13051001,present
10.3390/diagnostics13081506,present
10.3390/diagnostics13101703,present
10.3390/diagnostics13101744,present
10.3390/diagnostics13101815,present
10.3390/diagnostics13111942,present
10.3390/diagnostics13203211,present
10.3390/diagnostics14090920,present
10.3390/diagnostics14121308,present
10.3390/diagnostics14232638,present
10.3390/diagnostics14232675,present
10.3390/diagnostics14232710,present
10.3390/diagnostics15020207,present
10.3390/diagnostics15030267,present
10.3390/diagnostics15151950,present
10.3390/diagnostics15162009,present
10.3390/genes16060715,present
10.3390/healthcare11040590,present
10.3390/healthcare11091204,present
10.3390/healthcare13020155,present
10.3390/healthcare13202620,present
10.3390/ijerph20032696,present
10.3390/ijerph21050600,present
10.3390/ijms251910686,present
10.3390/ijms27010196,present
10.3390/info14010031,present
10.3390/info15120813,present
10.3390/info16030208,present
10.3390/jcm14020350,present
10.3390/jimaging10120297,present
10.3390/jimaging11020031,present
10.3390/jimaging11070244,present
10.3390/jpm13091393,present
10.3390/jpm14080856,present
10.3390/jsan14030049,present
10.3390/make6040127,present
10.3390/math11020289,present
10.3390/math12162490,present
10.3390/onco5030034,present
10.3390/pathogens13110923,present
10.3390/s23020656,present
10.3390/s23062948,present
10.3390/s23073500,present
10.3390/s23135862,present
10.3390/s23156675,present
10.3390/s23156837,present
10.3390/s23167204,present
10.3390/s23167295,present
10.3390/s24082641,present
10.3390/s24196325,present
10.3390/s25010236,present
10.3390/s25061810,present
10.3390/s25061827,present
10.3390/s25082369,present
10.3390/s25082496,present
10.3390/s25123625,present
10.3390/s25144492,present
10.3390/s25175542,present
10.3390/tropicalmed10060167,present
10.3390/tropicalmed9090216,present
10.35784/acs-2024-41,present
10.35882/mjbv9v19,present
10.37394/232023.2024.4.13,present
10.37394/232023.2025.5.1,present
10.37432/jieph-confpro5-00109,present
10.37432/jieph-confpro5-00263,present
10.37432/jieph-confpro6-00057,present
10.3934/math.2024376,present
10.3934/medsci.2024005,present
10.3991/ijoe.v19i14.42725,present
10.3991/ijoe.v19i18.45133,present
10.3991/ijoe.v20i02.44845,present
10.3991/ijoe.v20i08.47765,present
10.3991/ijoe.v20i12.47773,present
10.3991/ijoe.v20i14.51479,present
10.3991/ijoe.v21i04.53043,present
10.4015/s1016237225500152,present
10.4015/s1016237225500681,present
10.4018/ijaiml.373196,present
10.4018/ijskd.352848,present
10.4018/ijssmet.313175,present
10.4102/sajr.v29i1.3195,present
10.4103/jod.jod_103_24,present
10.4236/cn.2024.164007,present
10.4236/jcc.2023.1110004,present
10.4236/jcc.2024.1212008,present
10.4236/jcc.2024.123010,present
10.4236/jcc.2025.133010,present
10.4236/oalib.1111511,present
10.4236/oalib.1114143,present
10.4236/ojapps.2025.154078,present
10.4236/wjns.2025.154028,present
10.46481/jnsps.2024.2175,present
10.46481/jnsps.2025.2443,present
10.47191/etj/v10i05.05,present
10.47191/ijmcr/v12i8.05,present
10.47391/jpma.egy-s4-48,present
10.48084/etasr.10900,present
10.48084/etasr.11526,present
10.48084/etasr.14206,present
10.48084/etasr.7649,present
10.48084/etasr.8171,present
10.48175/ijarsct-22218,present
10.48175/ijarsct-22229,present
10.5220/0012322300003654,present
10.5334/cstp.724,present
10.53508/ijiam.1407152,present
10.54327/set2024/v4.i2.149,present
10.54327/set2025/v5.i1.189,present
10.5539/ijsp.v13n4p42,present
10.56919/usci.2542.026,present
10.56919/usci.2543.024,present
10.57197/jdr-2023-0020,present
10.57197/jdr-2024-0042,present
10.62438/tunismed.v103i1.5401,present
10.71480/nmj.v66i3.748,present
10.7189/jogh.15.04264,present
10.7196/samj.2024.v114i6.1846,present
10.7759/cureus.47328,present
10.7759/cureus.83503,present
10.7759/s44389-025-06161-0,present
10.9734/acri/2025/v25i101556,present
10.9734/ajpas/2025/v27i3719,present
10.9734/ajrcos/2023/v16i2336,present
10.9734/jocamr/2024/v25i8560,present
